"hitid"	"hittypeid"	"title"	"description"	"keywords"	"reward"	"creationtime"	"assignments"	"numavailable"	"numpending"	"numcomplete"	"hitstatus"	"reviewstatus"	"annotation"	"assignmentduration"	"autoapprovaldelay"	"hitlifetime"	"viewhit"	"assignmentid"	"workerid"	"assignmentstatus"	"autoapprovaltime"	"assignmentaccepttime"	"assignmentsubmittime"	"assignmentapprovaltime"	"assignmentrejecttime"	"deadline"	"feedback"	"reject"	"Answer.target_property"	"Answer.familiarization_cond"	"Answer.word_condition"	"Answer.target_frequency"	"Answer.about"	"Answer.comment"	"Answer.item"	"Answer.target_position"	"Answer.name_check_correct"	"Answer.choice_correct"
"2UJX3V0FK0CO3VPEXRYPQK9NVL2GNW"	"2GDPFE4EGDHD5VBL4N0N5W6HEBW9J1"	"What is he talking about? (2-3 mins)"	"Short and fun! A 2-3 minute word game about what someone is talking about."	"experiment, psychology, game"	"$0.20"	"Wed Mar 13 20:23:04 PDT 2013"	"60"	"0"	"0"	"60"	"Reviewable"	"NotReviewed"	"1 scales"	"600"	"60000"	"Wed Mar 20 20:23:04 PDT 2013"	"https://requester.mturk.com/mturk/manageHIT?HITId=2UJX3V0FK0CO3VPEXRYPQK9NVL2GNW"	"29EAZHHRRLFQJHTNRW81QHODRVYEND"	"A1W7NEHKLKU0P"	"Approved"	"Thu Mar 14 13:07:35 PDT 2013"	"Wed Mar 13 20:25:42 PDT 2013"	"Wed Mar 13 20:27:35 PDT 2013"	"Thu Mar 14 13:09:31 PDT 2013"	""	""	""	""	"""cherry"""	"3"	"""salience"""	"0.5"	"""Hal enjoying sundaes"""	"""None"""	"""sundae"""	"""middle"""	"""TRUE"""	"""FALSE"""
"2UJX3V0FK0CO3VPEXRYPQK9NVL2GNW"	"2GDPFE4EGDHD5VBL4N0N5W6HEBW9J1"	"What is he talking about? (2-3 mins)"	"Short and fun! A 2-3 minute word game about what someone is talking about."	"experiment, psychology, game"	"$0.20"	"Wed Mar 13 20:23:04 PDT 2013"	"60"	"0"	"0"	"60"	"Reviewable"	"NotReviewed"	"1 scales"	"600"	"60000"	"Wed Mar 20 20:23:04 PDT 2013"	"https://requester.mturk.com/mturk/manageHIT?HITId=2UJX3V0FK0CO3VPEXRYPQK9NVL2GNW"	"200H88MQU6L5741CE6IX34AMWUGBU4"	"A2PXJTMWGUE5DC"	"Approved"	"Thu Mar 14 13:15:34 PDT 2013"	"Wed Mar 13 20:31:23 PDT 2013"	"Wed Mar 13 20:35:34 PDT 2013"	"Thu Mar 14 13:19:23 PDT 2013"	""	""	""	""	"""whipped cream"""	"3"	"""listener"""	"0.5"	"""Bob likes to eat sundaes with whipped cream."""	"""No"""	"""sundae"""	"""middle"""	"""TRUE"""	"""FALSE"""
"2UJX3V0FK0CO3VPEXRYPQK9NVL2GNW"	"2GDPFE4EGDHD5VBL4N0N5W6HEBW9J1"	"What is he talking about? (2-3 mins)"	"Short and fun! A 2-3 minute word game about what someone is talking about."	"experiment, psychology, game"	"$0.20"	"Wed Mar 13 20:23:04 PDT 2013"	"60"	"0"	"0"	"60"	"Reviewable"	"NotReviewed"	"1 scales"	"600"	"60000"	"Wed Mar 20 20:23:04 PDT 2013"	"https://requester.mturk.com/mturk/manageHIT?HITId=2UJX3V0FK0CO3VPEXRYPQK9NVL2GNW"	"2DFAB6BFMFFOHROTXYAFJGEWPFIJWE"	"A24HR2HUXYD3QF"	"Approved"	"Thu Mar 14 14:28:00 PDT 2013"	"Wed Mar 13 21:46:58 PDT 2013"	"Wed Mar 13 21:48:00 PDT 2013"	"Thu Mar 14 14:29:22 PDT 2013"	""	""	""	""	"""hat"""	"3"	"""listener"""	"0.5"	"""Friends, but probably really memory """	"""n/a"""	"""friend"""	"""left"""	"""TRUE"""	"""FALSE"""
"2UJX3V0FK0CO3VPEXRYPQK9NVL2GNW"	"2GDPFE4EGDHD5VBL4N0N5W6HEBW9J1"	"What is he talking about? (2-3 mins)"	"Short and fun! A 2-3 minute word game about what someone is talking about."	"experiment, psychology, game"	"$0.20"	"Wed Mar 13 20:23:04 PDT 2013"	"60"	"0"	"0"	"60"	"Reviewable"	"NotReviewed"	"1 scales"	"600"	"60000"	"Wed Mar 20 20:23:04 PDT 2013"	"https://requester.mturk.com/mturk/manageHIT?HITId=2UJX3V0FK0CO3VPEXRYPQK9NVL2GNW"	"2IHJWKUDD8XMUWW354RBCUTSJ9JBMK"	"AZOAW8JH5HJJK"	"Approved"	"Thu Mar 14 16:01:45 PDT 2013"	"Wed Mar 13 23:18:05 PDT 2013"	"Wed Mar 13 23:21:45 PDT 2013"	"Thu Mar 14 16:04:29 PDT 2013"	""	""	""	""	"""beanie"""	"3"	"""salience"""	"0.5"	"""Bob and his preference for snowmen"""	"""The act of clicking on images is confusing because there is only one image presented at a time."""	"""snowman"""	"""right"""	"""TRUE"""	"""FALSE"""
"2UJX3V0FK0CO3VPEXRYPQK9NVL2GNW"	"2GDPFE4EGDHD5VBL4N0N5W6HEBW9J1"	"What is he talking about? (2-3 mins)"	"Short and fun! A 2-3 minute word game about what someone is talking about."	"experiment, psychology, game"	"$0.20"	"Wed Mar 13 20:23:04 PDT 2013"	"60"	"0"	"0"	"60"	"Reviewable"	"NotReviewed"	"1 scales"	"600"	"60000"	"Wed Mar 20 20:23:04 PDT 2013"	"https://requester.mturk.com/mturk/manageHIT?HITId=2UJX3V0FK0CO3VPEXRYPQK9NVL2GNW"	"2I0MQU6L5OBVVB7RT2VAOJFBTAHEX8"	"A2DEOMWBTY9JUM"	"Approved"	"Thu Mar 14 16:05:31 PDT 2013"	"Wed Mar 13 23:23:56 PDT 2013"	"Wed Mar 13 23:25:31 PDT 2013"	"Thu Mar 14 16:09:22 PDT 2013"	""	""	""	""	"""glasses"""	"3"	"""listener"""	"0.5"	"""Which friend is Bob's favorite and using the phrasing of \""he has glasses\"", which refers to 2 of the friends Bob visited the most."""	"""None."""	"""friend"""	"""left"""	"""TRUE"""	"""TRUE"""
"2UJX3V0FK0CO3VPEXRYPQK9NVL2GNW"	"2GDPFE4EGDHD5VBL4N0N5W6HEBW9J1"	"What is he talking about? (2-3 mins)"	"Short and fun! A 2-3 minute word game about what someone is talking about."	"experiment, psychology, game"	"$0.20"	"Wed Mar 13 20:23:04 PDT 2013"	"60"	"0"	"0"	"60"	"Reviewable"	"NotReviewed"	"1 scales"	"600"	"60000"	"Wed Mar 20 20:23:04 PDT 2013"	"https://requester.mturk.com/mturk/manageHIT?HITId=2UJX3V0FK0CO3VPEXRYPQK9NVL2GNW"	"2SY2NJQ2172ZS2WH2GBLIVEF7HWXPP"	"A1BNQ6H4SJZ2X5"	"Approved"	"Thu Mar 14 17:00:56 PDT 2013"	"Thu Mar 14 00:18:55 PDT 2013"	"Thu Mar 14 00:20:56 PDT 2013"	"Thu Mar 14 17:04:23 PDT 2013"	""	""	""	""	"""hat"""	"3"	"""salience"""	"0.5"	"""making an assumption based on pictures. """	"""interesting study. """	"""friend"""	"""right"""	"""TRUE"""	"""FALSE"""
"2UJX3V0FK0CO3VPEXRYPQK9NVL2GNW"	"2GDPFE4EGDHD5VBL4N0N5W6HEBW9J1"	"What is he talking about? (2-3 mins)"	"Short and fun! A 2-3 minute word game about what someone is talking about."	"experiment, psychology, game"	"$0.20"	"Wed Mar 13 20:23:04 PDT 2013"	"60"	"0"	"0"	"60"	"Reviewable"	"NotReviewed"	"1 scales"	"600"	"60000"	"Wed Mar 20 20:23:04 PDT 2013"	"https://requester.mturk.com/mturk/manageHIT?HITId=2UJX3V0FK0CO3VPEXRYPQK9NVL2GNW"	"214JK63ZVE3HATQUEFH9PL5VGVVZA9"	"A28JN60WALXX8G"	"Approved"	"Thu Mar 14 17:09:08 PDT 2013"	"Thu Mar 14 00:25:40 PDT 2013"	"Thu Mar 14 00:29:08 PDT 2013"	"Thu Mar 14 17:09:25 PDT 2013"	""	""	""	""	"""cherry"""	"3"	"""listener"""	"0.5"	"""Ice cream"""	""""""	"""sundae"""	"""middle"""	"""TRUE"""	"""FALSE"""
"2UJX3V0FK0CO3VPEXRYPQK9NVL2GNW"	"2GDPFE4EGDHD5VBL4N0N5W6HEBW9J1"	"What is he talking about? (2-3 mins)"	"Short and fun! A 2-3 minute word game about what someone is talking about."	"experiment, psychology, game"	"$0.20"	"Wed Mar 13 20:23:04 PDT 2013"	"60"	"0"	"0"	"60"	"Reviewable"	"NotReviewed"	"1 scales"	"600"	"60000"	"Wed Mar 20 20:23:04 PDT 2013"	"https://requester.mturk.com/mturk/manageHIT?HITId=2UJX3V0FK0CO3VPEXRYPQK9NVL2GNW"	"2UIW618N46UXY5J4123EZNDW09FOQ4"	"A2CPBDUGX4QF2C"	"Approved"	"Thu Mar 14 17:11:54 PDT 2013"	"Thu Mar 14 00:31:14 PDT 2013"	"Thu Mar 14 00:31:54 PDT 2013"	"Thu Mar 14 17:14:24 PDT 2013"	""	""	""	""	"""cherry"""	"3"	"""salience"""	"0.5"	"""sundaes"""	""""""	"""sundae"""	"""right"""	"""TRUE"""	"""FALSE"""
"2UJX3V0FK0CO3VPEXRYPQK9NVL2GNW"	"2GDPFE4EGDHD5VBL4N0N5W6HEBW9J1"	"What is he talking about? (2-3 mins)"	"Short and fun! A 2-3 minute word game about what someone is talking about."	"experiment, psychology, game"	"$0.20"	"Wed Mar 13 20:23:04 PDT 2013"	"60"	"0"	"0"	"60"	"Reviewable"	"NotReviewed"	"1 scales"	"600"	"60000"	"Wed Mar 20 20:23:04 PDT 2013"	"https://requester.mturk.com/mturk/manageHIT?HITId=2UJX3V0FK0CO3VPEXRYPQK9NVL2GNW"	"2NRXR24SMEZZLFOKIS0UEP92GPT1IY"	"AKPAOGC0L395A"	"Approved"	"Thu Mar 14 17:33:28 PDT 2013"	"Thu Mar 14 00:51:56 PDT 2013"	"Thu Mar 14 00:53:28 PDT 2013"	"Thu Mar 14 17:34:27 PDT 2013"	""	""	""	""	"""beanie"""	"3"	"""listener"""	"0.5"	"""Bob decorating snowmen, other than that I am not sure..."""	"""Thank you for utilizing MTurk!"""	"""snowman"""	"""right"""	"""TRUE"""	"""TRUE"""
"2UJX3V0FK0CO3VPEXRYPQK9NVL2GNW"	"2GDPFE4EGDHD5VBL4N0N5W6HEBW9J1"	"What is he talking about? (2-3 mins)"	"Short and fun! A 2-3 minute word game about what someone is talking about."	"experiment, psychology, game"	"$0.20"	"Wed Mar 13 20:23:04 PDT 2013"	"60"	"0"	"0"	"60"	"Reviewable"	"NotReviewed"	"1 scales"	"600"	"60000"	"Wed Mar 20 20:23:04 PDT 2013"	"https://requester.mturk.com/mturk/manageHIT?HITId=2UJX3V0FK0CO3VPEXRYPQK9NVL2GNW"	"2MPKNQY2RCJKPW5VA88R6KUMN7A3SL"	"A1LR51V1MJ7P0B"	"Approved"	"Thu Mar 14 17:44:35 PDT 2013"	"Thu Mar 14 01:03:25 PDT 2013"	"Thu Mar 14 01:04:35 PDT 2013"	"Thu Mar 14 17:49:34 PDT 2013"	""	""	""	""	"""cherry"""	"3"	"""salience"""	"0.5"	"""Sundeas and how much he liked thed them."""	""""""	"""sundae"""	"""middle"""	"""TRUE"""	"""FALSE"""
"2UJX3V0FK0CO3VPEXRYPQK9NVL2GNW"	"2GDPFE4EGDHD5VBL4N0N5W6HEBW9J1"	"What is he talking about? (2-3 mins)"	"Short and fun! A 2-3 minute word game about what someone is talking about."	"experiment, psychology, game"	"$0.20"	"Wed Mar 13 20:23:04 PDT 2013"	"60"	"0"	"0"	"60"	"Reviewable"	"NotReviewed"	"1 scales"	"600"	"60000"	"Wed Mar 20 20:23:04 PDT 2013"	"https://requester.mturk.com/mturk/manageHIT?HITId=2UJX3V0FK0CO3VPEXRYPQK9NVL2GNW"	"2N58XMB3Q39ZJ4CUPTXTAEVW6CZHSD"	"A3RF5Y6M8IIKS"	"Approved"	"Thu Mar 14 18:22:46 PDT 2013"	"Thu Mar 14 01:41:39 PDT 2013"	"Thu Mar 14 01:42:46 PDT 2013"	"Thu Mar 14 18:24:30 PDT 2013"	""	""	""	""	"""beanie"""	"3"	"""listener"""	"0.5"	"""Figuring out what Bob likes"""	""""""	"""snowman"""	"""left"""	"""TRUE"""	"""TRUE"""
"2UJX3V0FK0CO3VPEXRYPQK9NVL2GNW"	"2GDPFE4EGDHD5VBL4N0N5W6HEBW9J1"	"What is he talking about? (2-3 mins)"	"Short and fun! A 2-3 minute word game about what someone is talking about."	"experiment, psychology, game"	"$0.20"	"Wed Mar 13 20:23:04 PDT 2013"	"60"	"0"	"0"	"60"	"Reviewable"	"NotReviewed"	"1 scales"	"600"	"60000"	"Wed Mar 20 20:23:04 PDT 2013"	"https://requester.mturk.com/mturk/manageHIT?HITId=2UJX3V0FK0CO3VPEXRYPQK9NVL2GNW"	"2L2T2D5NQYN5YWW0FLWT4MNG9FK95E"	"A1M1F4BFYRK6JP"	"Approved"	"Thu Mar 14 18:25:45 PDT 2013"	"Thu Mar 14 01:44:31 PDT 2013"	"Thu Mar 14 01:45:45 PDT 2013"	"Thu Mar 14 18:29:45 PDT 2013"	""	""	""	""	"""whipped cream"""	"3"	"""salience"""	"0.5"	"""Bob's favorite sundae"""	""""""	"""sundae"""	"""right"""	"""TRUE"""	"""FALSE"""
"2UJX3V0FK0CO3VPEXRYPQK9NVL2GNW"	"2GDPFE4EGDHD5VBL4N0N5W6HEBW9J1"	"What is he talking about? (2-3 mins)"	"Short and fun! A 2-3 minute word game about what someone is talking about."	"experiment, psychology, game"	"$0.20"	"Wed Mar 13 20:23:04 PDT 2013"	"60"	"0"	"0"	"60"	"Reviewable"	"NotReviewed"	"1 scales"	"600"	"60000"	"Wed Mar 20 20:23:04 PDT 2013"	"https://requester.mturk.com/mturk/manageHIT?HITId=2UJX3V0FK0CO3VPEXRYPQK9NVL2GNW"	"2K36BFMFFOYY1M7TFK4GKSC44EIYLT"	"A1AU8R78QWNKJD"	"Approved"	"Thu Mar 14 19:43:08 PDT 2013"	"Thu Mar 14 03:01:41 PDT 2013"	"Thu Mar 14 03:03:08 PDT 2013"	"Thu Mar 14 19:44:31 PDT 2013"	""	""	""	""	"""glasses"""	"3"	"""listener"""	"0.5"	"""Which friend was bob's favorite. """	"""He liked both friends with glasses equally. """	"""friend"""	"""right"""	"""TRUE"""	"""FALSE"""
"2UJX3V0FK0CO3VPEXRYPQK9NVL2GNW"	"2GDPFE4EGDHD5VBL4N0N5W6HEBW9J1"	"What is he talking about? (2-3 mins)"	"Short and fun! A 2-3 minute word game about what someone is talking about."	"experiment, psychology, game"	"$0.20"	"Wed Mar 13 20:23:04 PDT 2013"	"60"	"0"	"0"	"60"	"Reviewable"	"NotReviewed"	"1 scales"	"600"	"60000"	"Wed Mar 20 20:23:04 PDT 2013"	"https://requester.mturk.com/mturk/manageHIT?HITId=2UJX3V0FK0CO3VPEXRYPQK9NVL2GNW"	"24426DG67D1XMO6FG53OQ2JIE4WF8W"	"A3BHLXNS8A6T78"	"Approved"	"Thu Mar 14 22:43:03 PDT 2013"	"Thu Mar 14 05:59:28 PDT 2013"	"Thu Mar 14 06:03:03 PDT 2013"	"Thu Mar 14 22:44:41 PDT 2013"	""	""	""	""	"""whipped cream"""	"3"	"""salience"""	"0.5"	"""Likes vs Dislikes"""	"""Thanks!"""	"""sundae"""	"""right"""	"""TRUE"""	"""FALSE"""
"2UJX3V0FK0CO3VPEXRYPQK9NVL2GNW"	"2GDPFE4EGDHD5VBL4N0N5W6HEBW9J1"	"What is he talking about? (2-3 mins)"	"Short and fun! A 2-3 minute word game about what someone is talking about."	"experiment, psychology, game"	"$0.20"	"Wed Mar 13 20:23:04 PDT 2013"	"60"	"0"	"0"	"60"	"Reviewable"	"NotReviewed"	"1 scales"	"600"	"60000"	"Wed Mar 20 20:23:04 PDT 2013"	"https://requester.mturk.com/mturk/manageHIT?HITId=2UJX3V0FK0CO3VPEXRYPQK9NVL2GNW"	"2626X3YOCCF0VIBKTUKITII1BZGRQ3"	"A9JHTV37LSE5F"	"Approved"	"Fri Mar 15 00:16:25 PDT 2013"	"Thu Mar 14 07:35:12 PDT 2013"	"Thu Mar 14 07:36:25 PDT 2013"	"Fri Mar 15 00:20:41 PDT 2013"	""	""	""	""	"""beanie"""	"3"	"""listener"""	"0.5"	"""no idea"""	""""""	"""snowman"""	"""left"""	"""TRUE"""	"""FALSE"""
"2UJX3V0FK0CO3VPEXRYPQK9NVL2GNW"	"2GDPFE4EGDHD5VBL4N0N5W6HEBW9J1"	"What is he talking about? (2-3 mins)"	"Short and fun! A 2-3 minute word game about what someone is talking about."	"experiment, psychology, game"	"$0.20"	"Wed Mar 13 20:23:04 PDT 2013"	"60"	"0"	"0"	"60"	"Reviewable"	"NotReviewed"	"1 scales"	"600"	"60000"	"Wed Mar 20 20:23:04 PDT 2013"	"https://requester.mturk.com/mturk/manageHIT?HITId=2UJX3V0FK0CO3VPEXRYPQK9NVL2GNW"	"2YRFYQS1CSTM783R9XVII1E2Q6DLO3"	"A1I9U0HRRM0E6C"	"Approved"	"Fri Mar 15 00:37:18 PDT 2013"	"Thu Mar 14 07:55:03 PDT 2013"	"Thu Mar 14 07:57:18 PDT 2013"	"Fri Mar 15 00:39:39 PDT 2013"	""	""	""	""	"""beanie"""	"3"	"""salience"""	"0.5"	"""Figure out what which is Bob's favorite snowman based on his decorations."""	""""""	"""snowman"""	"""middle"""	"""TRUE"""	"""FALSE"""
"2UJX3V0FK0CO3VPEXRYPQK9NVL2GNW"	"2GDPFE4EGDHD5VBL4N0N5W6HEBW9J1"	"What is he talking about? (2-3 mins)"	"Short and fun! A 2-3 minute word game about what someone is talking about."	"experiment, psychology, game"	"$0.20"	"Wed Mar 13 20:23:04 PDT 2013"	"60"	"0"	"0"	"60"	"Reviewable"	"NotReviewed"	"1 scales"	"600"	"60000"	"Wed Mar 20 20:23:04 PDT 2013"	"https://requester.mturk.com/mturk/manageHIT?HITId=2UJX3V0FK0CO3VPEXRYPQK9NVL2GNW"	"2Q5HDM25L8I96S26DJQ6UE4U9QRQGS"	"A3VZBVO8TFXR6E"	"Approved"	"Fri Mar 15 01:56:59 PDT 2013"	"Thu Mar 14 09:15:56 PDT 2013"	"Thu Mar 14 09:16:59 PDT 2013"	"Fri Mar 15 01:59:56 PDT 2013"	""	""	""	""	"""scarf"""	"3"	"""listener"""	"0.5"	"""The snowmen he created."""	""""""	"""snowman"""	"""middle"""	"""TRUE"""	"""FALSE"""
"2UJX3V0FK0CO3VPEXRYPQK9NVL2GNW"	"2GDPFE4EGDHD5VBL4N0N5W6HEBW9J1"	"What is he talking about? (2-3 mins)"	"Short and fun! A 2-3 minute word game about what someone is talking about."	"experiment, psychology, game"	"$0.20"	"Wed Mar 13 20:23:04 PDT 2013"	"60"	"0"	"0"	"60"	"Reviewable"	"NotReviewed"	"1 scales"	"600"	"60000"	"Wed Mar 20 20:23:04 PDT 2013"	"https://requester.mturk.com/mturk/manageHIT?HITId=2UJX3V0FK0CO3VPEXRYPQK9NVL2GNW"	"2R5M25L8I9NZFZNEVBFEAQWB6SFSIO"	"A1YQMRGFRFR4OQ"	"Approved"	"Fri Mar 15 02:42:26 PDT 2013"	"Thu Mar 14 10:01:34 PDT 2013"	"Thu Mar 14 10:02:26 PDT 2013"	"Fri Mar 15 02:44:50 PDT 2013"	""	""	""	""	"""scarf"""	"3"	"""salience"""	"0.5"	"""Snowmen"""	""""""	"""snowman"""	"""middle"""	"""TRUE"""	"""TRUE"""
"2UJX3V0FK0CO3VPEXRYPQK9NVL2GNW"	"2GDPFE4EGDHD5VBL4N0N5W6HEBW9J1"	"What is he talking about? (2-3 mins)"	"Short and fun! A 2-3 minute word game about what someone is talking about."	"experiment, psychology, game"	"$0.20"	"Wed Mar 13 20:23:04 PDT 2013"	"60"	"0"	"0"	"60"	"Reviewable"	"NotReviewed"	"1 scales"	"600"	"60000"	"Wed Mar 20 20:23:04 PDT 2013"	"https://requester.mturk.com/mturk/manageHIT?HITId=2UJX3V0FK0CO3VPEXRYPQK9NVL2GNW"	"291RNDWIOV1SQLT39Y7U73YHCSZHW2"	"A1FUAAEB8H6PWK"	"Approved"	"Fri Mar 15 02:52:59 PDT 2013"	"Thu Mar 14 10:11:45 PDT 2013"	"Thu Mar 14 10:12:59 PDT 2013"	"Fri Mar 15 02:54:44 PDT 2013"	""	""	""	""	"""scarf"""	"3"	"""listener"""	"0.5"	"""Bob's liking to decorate snowmen"""	""""""	"""snowman"""	"""left"""	"""TRUE"""	"""TRUE"""
"2UJX3V0FK0CO3VPEXRYPQK9NVL2GNW"	"2GDPFE4EGDHD5VBL4N0N5W6HEBW9J1"	"What is he talking about? (2-3 mins)"	"Short and fun! A 2-3 minute word game about what someone is talking about."	"experiment, psychology, game"	"$0.20"	"Wed Mar 13 20:23:04 PDT 2013"	"60"	"0"	"0"	"60"	"Reviewable"	"NotReviewed"	"1 scales"	"600"	"60000"	"Wed Mar 20 20:23:04 PDT 2013"	"https://requester.mturk.com/mturk/manageHIT?HITId=2UJX3V0FK0CO3VPEXRYPQK9NVL2GNW"	"25IVJ8EBDPGF4Z1CL1Q9XND0V88F01"	"A2YI1E86RZWSWD"	"Approved"	"Fri Mar 15 02:58:24 PDT 2013"	"Thu Mar 14 10:15:43 PDT 2013"	"Thu Mar 14 10:18:24 PDT 2013"	"Fri Mar 15 02:59:42 PDT 2013"	""	""	""	""	"""cherry"""	"3"	"""salience"""	"0.5"	"""mumblemumble and Bob of Course"""	"""Thank you for allowing me to participate. Please send me any �exclusive� hits that may be available. Of course, any bonus amounts are always greatly appreciated. Thanks again and Good Luck !!!"""	"""sundae"""	"""middle"""	"""TRUE"""	"""FALSE"""
"2UJX3V0FK0CO3VPEXRYPQK9NVL2GNW"	"2GDPFE4EGDHD5VBL4N0N5W6HEBW9J1"	"What is he talking about? (2-3 mins)"	"Short and fun! A 2-3 minute word game about what someone is talking about."	"experiment, psychology, game"	"$0.20"	"Wed Mar 13 20:23:04 PDT 2013"	"60"	"0"	"0"	"60"	"Reviewable"	"NotReviewed"	"1 scales"	"600"	"60000"	"Wed Mar 20 20:23:04 PDT 2013"	"https://requester.mturk.com/mturk/manageHIT?HITId=2UJX3V0FK0CO3VPEXRYPQK9NVL2GNW"	"2WAKMN9U8P9YM1ZWS293YUYMZK7UDJ"	"A2K3THSQYMCL34"	"Approved"	"Fri Mar 15 03:49:12 PDT 2013"	"Thu Mar 14 11:07:39 PDT 2013"	"Thu Mar 14 11:09:12 PDT 2013"	"Fri Mar 15 03:49:42 PDT 2013"	""	""	""	""	"""scarf"""	"3"	"""listener"""	"0.5"	"""a study of cognition"""	"""none"""	"""snowman"""	"""left"""	"""TRUE"""	"""FALSE"""
"2UJX3V0FK0CO3VPEXRYPQK9NVL2GNW"	"2GDPFE4EGDHD5VBL4N0N5W6HEBW9J1"	"What is he talking about? (2-3 mins)"	"Short and fun! A 2-3 minute word game about what someone is talking about."	"experiment, psychology, game"	"$0.20"	"Wed Mar 13 20:23:04 PDT 2013"	"60"	"0"	"0"	"60"	"Reviewable"	"NotReviewed"	"1 scales"	"600"	"60000"	"Wed Mar 20 20:23:04 PDT 2013"	"https://requester.mturk.com/mturk/manageHIT?HITId=2UJX3V0FK0CO3VPEXRYPQK9NVL2GNW"	"2T12NJKM05BM2M0HU1TGZP9VNRLBGY"	"A2UKE5M4IZP49P"	"Approved"	"Fri Mar 15 04:11:31 PDT 2013"	"Thu Mar 14 11:29:25 PDT 2013"	"Thu Mar 14 11:31:31 PDT 2013"	"Fri Mar 15 04:14:27 PDT 2013"	""	""	""	""	"""cherry"""	"3"	"""salience"""	"0.5"	"""Which sunday is Bob's favorite."""	"""No."""	"""sundae"""	"""left"""	"""TRUE"""	"""TRUE"""
"2UJX3V0FK0CO3VPEXRYPQK9NVL2GNW"	"2GDPFE4EGDHD5VBL4N0N5W6HEBW9J1"	"What is he talking about? (2-3 mins)"	"Short and fun! A 2-3 minute word game about what someone is talking about."	"experiment, psychology, game"	"$0.20"	"Wed Mar 13 20:23:04 PDT 2013"	"60"	"0"	"0"	"60"	"Reviewable"	"NotReviewed"	"1 scales"	"600"	"60000"	"Wed Mar 20 20:23:04 PDT 2013"	"https://requester.mturk.com/mturk/manageHIT?HITId=2UJX3V0FK0CO3VPEXRYPQK9NVL2GNW"	"2HIEOZFYQS1CBMSOB2IDY4IGEZ9LI7"	"A3M42ZQTKMCF5Y"	"Approved"	"Fri Mar 15 06:24:54 PDT 2013"	"Thu Mar 14 13:44:09 PDT 2013"	"Thu Mar 14 13:44:54 PDT 2013"	"Fri Mar 15 06:29:34 PDT 2013"	""	""	""	""	"""glasses"""	"3"	"""listener"""	"0.5"	"""Bob's friends"""	""""""	"""friend"""	"""right"""	"""TRUE"""	"""FALSE"""
"2UJX3V0FK0CO3VPEXRYPQK9NVL2GNW"	"2GDPFE4EGDHD5VBL4N0N5W6HEBW9J1"	"What is he talking about? (2-3 mins)"	"Short and fun! A 2-3 minute word game about what someone is talking about."	"experiment, psychology, game"	"$0.20"	"Wed Mar 13 20:23:04 PDT 2013"	"60"	"0"	"0"	"60"	"Reviewable"	"NotReviewed"	"1 scales"	"600"	"60000"	"Wed Mar 20 20:23:04 PDT 2013"	"https://requester.mturk.com/mturk/manageHIT?HITId=2UJX3V0FK0CO3VPEXRYPQK9NVL2GNW"	"2V0I9NZW6HEZPHK4M1YTE69K77MNXK"	"A25ZCOXY5VQ9KX"	"Approved"	"Fri Mar 15 07:42:58 PDT 2013"	"Thu Mar 14 15:01:47 PDT 2013"	"Thu Mar 14 15:02:58 PDT 2013"	"Fri Mar 15 07:44:27 PDT 2013"	""	""	""	""	"""cherry"""	"3"	"""salience"""	"0.5"	"""Bob eating sundaes """	""""""	"""sundae"""	"""middle"""	"""TRUE"""	"""FALSE"""
"2UJX3V0FK0CO3VPEXRYPQK9NVL2GNW"	"2GDPFE4EGDHD5VBL4N0N5W6HEBW9J1"	"What is he talking about? (2-3 mins)"	"Short and fun! A 2-3 minute word game about what someone is talking about."	"experiment, psychology, game"	"$0.20"	"Wed Mar 13 20:23:04 PDT 2013"	"60"	"0"	"0"	"60"	"Reviewable"	"NotReviewed"	"1 scales"	"600"	"60000"	"Wed Mar 20 20:23:04 PDT 2013"	"https://requester.mturk.com/mturk/manageHIT?HITId=2UJX3V0FK0CO3VPEXRYPQK9NVL2GNW"	"2IBVCNHMVHVKVC61XPT7AJ7DXBK13U"	"A14OGTGUTV4VK5"	"Approved"	"Fri Mar 15 08:11:36 PDT 2013"	"Thu Mar 14 15:25:38 PDT 2013"	"Thu Mar 14 15:31:36 PDT 2013"	"Fri Mar 15 08:15:20 PDT 2013"	""	""	""	""	"""hat"""	"3"	"""listener"""	"0.5"	"""I do not know my forced impulsive choice was the man with the glasses, but i do not understand, there were 4 friends with hats and 4 friends with hats and glasses and 2 friends bald with out glasses but it asks who his favorite friend is more or less you cant even correctly answer the question i feel.."""	"""All in my survey question."""	"""friend"""	"""left"""	"""TRUE"""	"""FALSE"""
"2UJX3V0FK0CO3VPEXRYPQK9NVL2GNW"	"2GDPFE4EGDHD5VBL4N0N5W6HEBW9J1"	"What is he talking about? (2-3 mins)"	"Short and fun! A 2-3 minute word game about what someone is talking about."	"experiment, psychology, game"	"$0.20"	"Wed Mar 13 20:23:04 PDT 2013"	"60"	"0"	"0"	"60"	"Reviewable"	"NotReviewed"	"1 scales"	"600"	"60000"	"Wed Mar 20 20:23:04 PDT 2013"	"https://requester.mturk.com/mturk/manageHIT?HITId=2UJX3V0FK0CO3VPEXRYPQK9NVL2GNW"	"2AKPW1INMHGY9XP3JF26HFMJS9OI5V"	"A3L2L8TZW7MNTA"	"Approved"	"Fri Mar 15 08:28:21 PDT 2013"	"Thu Mar 14 15:46:29 PDT 2013"	"Thu Mar 14 15:48:21 PDT 2013"	"Fri Mar 15 08:30:35 PDT 2013"	""	""	""	""	"""hat"""	"3"	"""salience"""	"0.5"	"""meeting friends"""	"""I have a terrible memory for names."""	"""friend"""	"""middle"""	"""TRUE"""	"""FALSE"""
"2UJX3V0FK0CO3VPEXRYPQK9NVL2GNW"	"2GDPFE4EGDHD5VBL4N0N5W6HEBW9J1"	"What is he talking about? (2-3 mins)"	"Short and fun! A 2-3 minute word game about what someone is talking about."	"experiment, psychology, game"	"$0.20"	"Wed Mar 13 20:23:04 PDT 2013"	"60"	"0"	"0"	"60"	"Reviewable"	"NotReviewed"	"1 scales"	"600"	"60000"	"Wed Mar 20 20:23:04 PDT 2013"	"https://requester.mturk.com/mturk/manageHIT?HITId=2UJX3V0FK0CO3VPEXRYPQK9NVL2GNW"	"28I4J3NAB6BF58LOU39T7TJJQ24SFI"	"A324HA2AP7AU8Q"	"Approved"	"Fri Mar 15 11:47:43 PDT 2013"	"Thu Mar 14 19:06:18 PDT 2013"	"Thu Mar 14 19:07:43 PDT 2013"	"Fri Mar 15 11:51:29 PDT 2013"	""	""	""	""	"""glasses"""	"3"	"""salience"""	"0.5"	"""Bob's favorite friend"""	""""""	"""friend"""	"""left"""	"""TRUE"""	"""TRUE"""
"2UJX3V0FK0CO3VPEXRYPQK9NVL2GNW"	"2GDPFE4EGDHD5VBL4N0N5W6HEBW9J1"	"What is he talking about? (2-3 mins)"	"Short and fun! A 2-3 minute word game about what someone is talking about."	"experiment, psychology, game"	"$0.20"	"Wed Mar 13 20:23:04 PDT 2013"	"60"	"0"	"0"	"60"	"Reviewable"	"NotReviewed"	"1 scales"	"600"	"60000"	"Wed Mar 20 20:23:04 PDT 2013"	"https://requester.mturk.com/mturk/manageHIT?HITId=2UJX3V0FK0CO3VPEXRYPQK9NVL2GNW"	"2O4WA6X3YOCCYTIP1POPZINMVJOPOL"	"ADR2V9J3JWR67"	"Approved"	"Fri Mar 15 11:49:18 PDT 2013"	"Thu Mar 14 19:07:48 PDT 2013"	"Thu Mar 14 19:09:18 PDT 2013"	"Fri Mar 15 11:56:30 PDT 2013"	""	""	""	""	"""beanie"""	"3"	"""listener"""	"0.5"	"""Bob who likes to decorate snowmans"""	""""""	"""snowman"""	"""left"""	"""TRUE"""	"""FALSE"""
"2UJX3V0FK0CO3VPEXRYPQK9NVL2GNW"	"2GDPFE4EGDHD5VBL4N0N5W6HEBW9J1"	"What is he talking about? (2-3 mins)"	"Short and fun! A 2-3 minute word game about what someone is talking about."	"experiment, psychology, game"	"$0.20"	"Wed Mar 13 20:23:04 PDT 2013"	"60"	"0"	"0"	"60"	"Reviewable"	"NotReviewed"	"1 scales"	"600"	"60000"	"Wed Mar 20 20:23:04 PDT 2013"	"https://requester.mturk.com/mturk/manageHIT?HITId=2UJX3V0FK0CO3VPEXRYPQK9NVL2GNW"	"2Z0PJWKUDD8X549QZEQ0H6UX1TWLAZ"	"A25MAA14V6FLE3"	"Approved"	"Fri Mar 15 12:45:35 PDT 2013"	"Thu Mar 14 20:02:58 PDT 2013"	"Thu Mar 14 20:05:35 PDT 2013"	"Fri Mar 15 12:49:24 PDT 2013"	""	""	""	""	"""cherry"""	"3"	"""salience"""	"0.5"	"""I am not sure"""	"""no,thanks."""	"""sundae"""	"""left"""	"""TRUE"""	"""FALSE"""
"2UJX3V0FK0CO3VPEXRYPQK9NVL2GNW"	"2GDPFE4EGDHD5VBL4N0N5W6HEBW9J1"	"What is he talking about? (2-3 mins)"	"Short and fun! A 2-3 minute word game about what someone is talking about."	"experiment, psychology, game"	"$0.20"	"Wed Mar 13 20:23:04 PDT 2013"	"60"	"0"	"0"	"60"	"Reviewable"	"NotReviewed"	"1 scales"	"600"	"60000"	"Wed Mar 20 20:23:04 PDT 2013"	"https://requester.mturk.com/mturk/manageHIT?HITId=2UJX3V0FK0CO3VPEXRYPQK9NVL2GNW"	"2HOGKCCVLL3CTW9MDFGQAC9R3HJ6WW"	"A1XBE6VUHX6Z77"	"Approved"	"Fri Mar 15 13:37:35 PDT 2013"	"Thu Mar 14 20:56:15 PDT 2013"	"Thu Mar 14 20:57:35 PDT 2013"	"Fri Mar 15 13:39:30 PDT 2013"	""	""	""	""	"""scarf"""	"3"	"""listener"""	"0.5"	"""decorating snowmen"""	""""""	"""snowman"""	"""middle"""	"""TRUE"""	"""FALSE"""
"2UJX3V0FK0CO3VPEXRYPQK9NVL2GNW"	"2GDPFE4EGDHD5VBL4N0N5W6HEBW9J1"	"What is he talking about? (2-3 mins)"	"Short and fun! A 2-3 minute word game about what someone is talking about."	"experiment, psychology, game"	"$0.20"	"Wed Mar 13 20:23:04 PDT 2013"	"60"	"0"	"0"	"60"	"Reviewable"	"NotReviewed"	"1 scales"	"600"	"60000"	"Wed Mar 20 20:23:04 PDT 2013"	"https://requester.mturk.com/mturk/manageHIT?HITId=2UJX3V0FK0CO3VPEXRYPQK9NVL2GNW"	"2WU5L8I9NZW60756KJVQ27TCJW2UK0"	"A3G6CI6CG9EMSE"	"Approved"	"Fri Mar 15 14:03:37 PDT 2013"	"Thu Mar 14 21:21:49 PDT 2013"	"Thu Mar 14 21:23:37 PDT 2013"	"Fri Mar 15 14:04:23 PDT 2013"	""	""	""	""	"""scarf"""	"3"	"""salience"""	"0.5"	"""About which snowmen Bob likes to decorate."""	""""""	"""snowman"""	"""left"""	"""TRUE"""	"""FALSE"""
"2UJX3V0FK0CO3VPEXRYPQK9NVL2GNW"	"2GDPFE4EGDHD5VBL4N0N5W6HEBW9J1"	"What is he talking about? (2-3 mins)"	"Short and fun! A 2-3 minute word game about what someone is talking about."	"experiment, psychology, game"	"$0.20"	"Wed Mar 13 20:23:04 PDT 2013"	"60"	"0"	"0"	"60"	"Reviewable"	"NotReviewed"	"1 scales"	"600"	"60000"	"Wed Mar 20 20:23:04 PDT 2013"	"https://requester.mturk.com/mturk/manageHIT?HITId=2UJX3V0FK0CO3VPEXRYPQK9NVL2GNW"	"2VNWJ5OPB0YVZSEYI127KP9YGOS5XM"	"AS5J9TMR50WLI"	"Approved"	"Fri Mar 15 14:17:18 PDT 2013"	"Thu Mar 14 21:34:03 PDT 2013"	"Thu Mar 14 21:37:18 PDT 2013"	"Fri Mar 15 14:20:14 PDT 2013"	""	""	""	""	"""beanie"""	"3"	"""listener"""	"0.5"	"""Bob decorating snowmen."""	"""I could only click on one snowman.   """	"""snowman"""	"""left"""	"""TRUE"""	"""FALSE"""
"2UJX3V0FK0CO3VPEXRYPQK9NVL2GNW"	"2GDPFE4EGDHD5VBL4N0N5W6HEBW9J1"	"What is he talking about? (2-3 mins)"	"Short and fun! A 2-3 minute word game about what someone is talking about."	"experiment, psychology, game"	"$0.20"	"Wed Mar 13 20:23:04 PDT 2013"	"60"	"0"	"0"	"60"	"Reviewable"	"NotReviewed"	"1 scales"	"600"	"60000"	"Wed Mar 20 20:23:04 PDT 2013"	"https://requester.mturk.com/mturk/manageHIT?HITId=2UJX3V0FK0CO3VPEXRYPQK9NVL2GNW"	"28X8B727M0IGYDNDXBPFYVF886PCXE"	"AZAKL6IGBC6VF"	"Approved"	"Fri Mar 15 14:55:09 PDT 2013"	"Thu Mar 14 22:14:09 PDT 2013"	"Thu Mar 14 22:15:09 PDT 2013"	"Fri Mar 15 14:59:32 PDT 2013"	""	""	""	""	"""glasses"""	"3"	"""salience"""	"0.5"	"""Who was Bob's favorite (based on the frequency visited) """	""""""	"""friend"""	"""right"""	"""TRUE"""	"""FALSE"""
"2UJX3V0FK0CO3VPEXRYPQK9NVL2GNW"	"2GDPFE4EGDHD5VBL4N0N5W6HEBW9J1"	"What is he talking about? (2-3 mins)"	"Short and fun! A 2-3 minute word game about what someone is talking about."	"experiment, psychology, game"	"$0.20"	"Wed Mar 13 20:23:04 PDT 2013"	"60"	"0"	"0"	"60"	"Reviewable"	"NotReviewed"	"1 scales"	"600"	"60000"	"Wed Mar 20 20:23:04 PDT 2013"	"https://requester.mturk.com/mturk/manageHIT?HITId=2UJX3V0FK0CO3VPEXRYPQK9NVL2GNW"	"2FD8I9NZW6HEIZUE0VN7Z86DTIDMW3"	"AD2TGN473L1F9"	"Approved"	"Fri Mar 15 16:44:49 PDT 2013"	"Fri Mar 15 00:04:14 PDT 2013"	"Fri Mar 15 00:04:49 PDT 2013"	"Fri Mar 15 16:49:34 PDT 2013"	""	""	""	""	"""glasses"""	"3"	"""listener"""	"0.5"	"""Who bob sees"""	""""""	"""friend"""	"""middle"""	"""TRUE"""	"""FALSE"""
"2UJX3V0FK0CO3VPEXRYPQK9NVL2GNW"	"2GDPFE4EGDHD5VBL4N0N5W6HEBW9J1"	"What is he talking about? (2-3 mins)"	"Short and fun! A 2-3 minute word game about what someone is talking about."	"experiment, psychology, game"	"$0.20"	"Wed Mar 13 20:23:04 PDT 2013"	"60"	"0"	"0"	"60"	"Reviewable"	"NotReviewed"	"1 scales"	"600"	"60000"	"Wed Mar 20 20:23:04 PDT 2013"	"https://requester.mturk.com/mturk/manageHIT?HITId=2UJX3V0FK0CO3VPEXRYPQK9NVL2GNW"	"27MYT3DHJHP4U6JKC9P8XSXDASK1UQ"	"A9NX2NIPON72T"	"Approved"	"Fri Mar 15 17:45:39 PDT 2013"	"Fri Mar 15 01:03:48 PDT 2013"	"Fri Mar 15 01:05:39 PDT 2013"	"Fri Mar 15 17:49:32 PDT 2013"	""	""	""	""	"""glasses"""	"3"	"""salience"""	"0.5"	"""Bob's friends"""	""""""	"""friend"""	"""left"""	"""TRUE"""	"""FALSE"""
"2UJX3V0FK0CO3VPEXRYPQK9NVL2GNW"	"2GDPFE4EGDHD5VBL4N0N5W6HEBW9J1"	"What is he talking about? (2-3 mins)"	"Short and fun! A 2-3 minute word game about what someone is talking about."	"experiment, psychology, game"	"$0.20"	"Wed Mar 13 20:23:04 PDT 2013"	"60"	"0"	"0"	"60"	"Reviewable"	"NotReviewed"	"1 scales"	"600"	"60000"	"Wed Mar 20 20:23:04 PDT 2013"	"https://requester.mturk.com/mturk/manageHIT?HITId=2UJX3V0FK0CO3VPEXRYPQK9NVL2GNW"	"28X8B727M0IGYDNDXBPFYVF888ECX7"	"A2NNDKIXZ2Z52F"	"Approved"	"Fri Mar 15 22:59:18 PDT 2013"	"Fri Mar 15 06:17:32 PDT 2013"	"Fri Mar 15 06:19:18 PDT 2013"	"Fri Mar 15 23:05:11 PDT 2013"	""	""	""	""	"""glasses"""	"3"	"""listener"""	"0.5"	"""Recognition and perception"""	""""""	"""friend"""	"""left"""	"""TRUE"""	"""TRUE"""
"2UJX3V0FK0CO3VPEXRYPQK9NVL2GNW"	"2GDPFE4EGDHD5VBL4N0N5W6HEBW9J1"	"What is he talking about? (2-3 mins)"	"Short and fun! A 2-3 minute word game about what someone is talking about."	"experiment, psychology, game"	"$0.20"	"Wed Mar 13 20:23:04 PDT 2013"	"60"	"0"	"0"	"60"	"Reviewable"	"NotReviewed"	"1 scales"	"600"	"60000"	"Wed Mar 20 20:23:04 PDT 2013"	"https://requester.mturk.com/mturk/manageHIT?HITId=2UJX3V0FK0CO3VPEXRYPQK9NVL2GNW"	"2VR6R70G5R98W1P3RJYWYSTRB39AQB"	"A3O6GCNEATUK5F"	"Approved"	"Sat Mar 16 01:00:58 PDT 2013"	"Fri Mar 15 08:19:37 PDT 2013"	"Fri Mar 15 08:20:58 PDT 2013"	"Sat Mar 16 01:04:28 PDT 2013"	""	""	""	""	"""cherry"""	"3"	"""salience"""	"0.5"	"""How much bob eats sundae's"""	""""""	"""sundae"""	"""middle"""	"""TRUE"""	"""FALSE"""
"2UJX3V0FK0CO3VPEXRYPQK9NVL2GNW"	"2GDPFE4EGDHD5VBL4N0N5W6HEBW9J1"	"What is he talking about? (2-3 mins)"	"Short and fun! A 2-3 minute word game about what someone is talking about."	"experiment, psychology, game"	"$0.20"	"Wed Mar 13 20:23:04 PDT 2013"	"60"	"0"	"0"	"60"	"Reviewable"	"NotReviewed"	"1 scales"	"600"	"60000"	"Wed Mar 20 20:23:04 PDT 2013"	"https://requester.mturk.com/mturk/manageHIT?HITId=2UJX3V0FK0CO3VPEXRYPQK9NVL2GNW"	"2Z9IT3HVWAVK1Z8NFVT1D2ZDMIPEM4"	"A257UIPAZR9NTN"	"Approved"	"Sat Mar 16 01:39:17 PDT 2013"	"Fri Mar 15 08:58:41 PDT 2013"	"Fri Mar 15 08:59:17 PDT 2013"	"Sat Mar 16 01:44:45 PDT 2013"	""	""	""	""	"""scarf"""	"3"	"""listener"""	"0.5"	"""Bob decorating snowmen"""	""""""	"""snowman"""	"""right"""	"""TRUE"""	"""FALSE"""
"2UJX3V0FK0CO3VPEXRYPQK9NVL2GNW"	"2GDPFE4EGDHD5VBL4N0N5W6HEBW9J1"	"What is he talking about? (2-3 mins)"	"Short and fun! A 2-3 minute word game about what someone is talking about."	"experiment, psychology, game"	"$0.20"	"Wed Mar 13 20:23:04 PDT 2013"	"60"	"0"	"0"	"60"	"Reviewable"	"NotReviewed"	"1 scales"	"600"	"60000"	"Wed Mar 20 20:23:04 PDT 2013"	"https://requester.mturk.com/mturk/manageHIT?HITId=2UJX3V0FK0CO3VPEXRYPQK9NVL2GNW"	"298KPEIB9BAW4LSXLVWV3UD7ZL50XU"	"A2UX7ZJEGGU5"	"Approved"	"Sat Mar 16 01:52:36 PDT 2013"	"Fri Mar 15 09:10:50 PDT 2013"	"Fri Mar 15 09:12:36 PDT 2013"	"Sat Mar 16 01:54:34 PDT 2013"	""	""	""	""	"""whipped cream"""	"3"	"""salience"""	"0.5"	"""I think this survey was about determining what Joe was talking about, given the information we know about him (more likely to eat a sundae he likes)."""	"""This was fun."""	"""sundae"""	"""right"""	"""TRUE"""	"""FALSE"""
"2UJX3V0FK0CO3VPEXRYPQK9NVL2GNW"	"2GDPFE4EGDHD5VBL4N0N5W6HEBW9J1"	"What is he talking about? (2-3 mins)"	"Short and fun! A 2-3 minute word game about what someone is talking about."	"experiment, psychology, game"	"$0.20"	"Wed Mar 13 20:23:04 PDT 2013"	"60"	"0"	"0"	"60"	"Reviewable"	"NotReviewed"	"1 scales"	"600"	"60000"	"Wed Mar 20 20:23:04 PDT 2013"	"https://requester.mturk.com/mturk/manageHIT?HITId=2UJX3V0FK0CO3VPEXRYPQK9NVL2GNW"	"2BKNQQ7Q6705KJQCJWS2ZQC5AE5BVZ"	"ACGXMY5ELEKCP"	"Approved"	"Sat Mar 16 02:18:54 PDT 2013"	"Fri Mar 15 09:37:58 PDT 2013"	"Fri Mar 15 09:38:54 PDT 2013"	"Sat Mar 16 02:19:41 PDT 2013"	""	""	""	""	"""scarf"""	"3"	"""listener"""	"0.5"	"""Bob making snowmen"""	""""""	"""snowman"""	"""middle"""	"""TRUE"""	"""FALSE"""
"2UJX3V0FK0CO3VPEXRYPQK9NVL2GNW"	"2GDPFE4EGDHD5VBL4N0N5W6HEBW9J1"	"What is he talking about? (2-3 mins)"	"Short and fun! A 2-3 minute word game about what someone is talking about."	"experiment, psychology, game"	"$0.20"	"Wed Mar 13 20:23:04 PDT 2013"	"60"	"0"	"0"	"60"	"Reviewable"	"NotReviewed"	"1 scales"	"600"	"60000"	"Wed Mar 20 20:23:04 PDT 2013"	"https://requester.mturk.com/mturk/manageHIT?HITId=2UJX3V0FK0CO3VPEXRYPQK9NVL2GNW"	"21DFQ0ONNVRHKDNO5J7RH76R81KULQ"	"A24Z3RZ6RSLOP5"	"Approved"	"Sat Mar 16 02:46:57 PDT 2013"	"Fri Mar 15 10:05:47 PDT 2013"	"Fri Mar 15 10:06:57 PDT 2013"	"Sat Mar 16 02:49:34 PDT 2013"	""	""	""	""	"""scarf"""	"3"	"""salience"""	"0.5"	"""Bob decorating snowmen that he likes"""	"""I have never done a study like this. Very odd."""	"""snowman"""	"""left"""	"""TRUE"""	"""FALSE"""
"2UJX3V0FK0CO3VPEXRYPQK9NVL2GNW"	"2GDPFE4EGDHD5VBL4N0N5W6HEBW9J1"	"What is he talking about? (2-3 mins)"	"Short and fun! A 2-3 minute word game about what someone is talking about."	"experiment, psychology, game"	"$0.20"	"Wed Mar 13 20:23:04 PDT 2013"	"60"	"0"	"0"	"60"	"Reviewable"	"NotReviewed"	"1 scales"	"600"	"60000"	"Wed Mar 20 20:23:04 PDT 2013"	"https://requester.mturk.com/mturk/manageHIT?HITId=2UJX3V0FK0CO3VPEXRYPQK9NVL2GNW"	"2H957DZKPFE4X9JH9RT5R8ID0SJ4EG"	"A3FEP7TJF2Y0UZ"	"Approved"	"Sat Mar 16 04:14:52 PDT 2013"	"Fri Mar 15 11:34:04 PDT 2013"	"Fri Mar 15 11:34:52 PDT 2013"	"Sat Mar 16 04:19:41 PDT 2013"	""	""	""	""	"""scarf"""	"3"	"""listener"""	"0.5"	"""making snowmen"""	""""""	"""snowman"""	"""middle"""	"""TRUE"""	"""FALSE"""
"2UJX3V0FK0CO3VPEXRYPQK9NVL2GNW"	"2GDPFE4EGDHD5VBL4N0N5W6HEBW9J1"	"What is he talking about? (2-3 mins)"	"Short and fun! A 2-3 minute word game about what someone is talking about."	"experiment, psychology, game"	"$0.20"	"Wed Mar 13 20:23:04 PDT 2013"	"60"	"0"	"0"	"60"	"Reviewable"	"NotReviewed"	"1 scales"	"600"	"60000"	"Wed Mar 20 20:23:04 PDT 2013"	"https://requester.mturk.com/mturk/manageHIT?HITId=2UJX3V0FK0CO3VPEXRYPQK9NVL2GNW"	"27J24SMEZZ2M1DSN5ZZPFY3C6PQK32"	"A3W1LG4JXLNCL"	"Approved"	"Sat Mar 16 04:57:31 PDT 2013"	"Fri Mar 15 12:16:24 PDT 2013"	"Fri Mar 15 12:17:31 PDT 2013"	"Sat Mar 16 04:59:25 PDT 2013"	""	""	""	""	"""whipped cream"""	"3"	"""salience"""	"0.5"	"""sundaes"""	""""""	"""sundae"""	"""right"""	"""TRUE"""	"""FALSE"""
"2UJX3V0FK0CO3VPEXRYPQK9NVL2GNW"	"2GDPFE4EGDHD5VBL4N0N5W6HEBW9J1"	"What is he talking about? (2-3 mins)"	"Short and fun! A 2-3 minute word game about what someone is talking about."	"experiment, psychology, game"	"$0.20"	"Wed Mar 13 20:23:04 PDT 2013"	"60"	"0"	"0"	"60"	"Reviewable"	"NotReviewed"	"1 scales"	"600"	"60000"	"Wed Mar 20 20:23:04 PDT 2013"	"https://requester.mturk.com/mturk/manageHIT?HITId=2UJX3V0FK0CO3VPEXRYPQK9NVL2GNW"	"2CEIKMN9U8P9HWETS1OI9SU2VGOTCB"	"A1LTS2GL2LXI6S"	"Approved"	"Sat Mar 16 08:44:55 PDT 2013"	"Fri Mar 15 16:03:39 PDT 2013"	"Fri Mar 15 16:04:55 PDT 2013"	"Sat Mar 16 08:49:22 PDT 2013"	""	""	""	""	"""whipped cream"""	"3"	"""listener"""	"0.5"	"""Eating sundaes"""	""""""	"""sundae"""	"""right"""	"""TRUE"""	"""TRUE"""
"2UJX3V0FK0CO3VPEXRYPQK9NVL2GNW"	"2GDPFE4EGDHD5VBL4N0N5W6HEBW9J1"	"What is he talking about? (2-3 mins)"	"Short and fun! A 2-3 minute word game about what someone is talking about."	"experiment, psychology, game"	"$0.20"	"Wed Mar 13 20:23:04 PDT 2013"	"60"	"0"	"0"	"60"	"Reviewable"	"NotReviewed"	"1 scales"	"600"	"60000"	"Wed Mar 20 20:23:04 PDT 2013"	"https://requester.mturk.com/mturk/manageHIT?HITId=2UJX3V0FK0CO3VPEXRYPQK9NVL2GNW"	"2UWF0OHOVR141QQOYQ02NEC0N0S45P"	"A2M3FPQF852HW4"	"Approved"	"Sat Mar 16 09:26:08 PDT 2013"	"Fri Mar 15 16:45:07 PDT 2013"	"Fri Mar 15 16:46:08 PDT 2013"	"Sat Mar 16 09:29:35 PDT 2013"	""	""	""	""	"""scarf"""	"3"	"""salience"""	"0.5"	"""Decorating Snowmen"""	"""No"""	"""snowman"""	"""right"""	"""TRUE"""	"""TRUE"""
"2UJX3V0FK0CO3VPEXRYPQK9NVL2GNW"	"2GDPFE4EGDHD5VBL4N0N5W6HEBW9J1"	"What is he talking about? (2-3 mins)"	"Short and fun! A 2-3 minute word game about what someone is talking about."	"experiment, psychology, game"	"$0.20"	"Wed Mar 13 20:23:04 PDT 2013"	"60"	"0"	"0"	"60"	"Reviewable"	"NotReviewed"	"1 scales"	"600"	"60000"	"Wed Mar 20 20:23:04 PDT 2013"	"https://requester.mturk.com/mturk/manageHIT?HITId=2UJX3V0FK0CO3VPEXRYPQK9NVL2GNW"	"2WF9U8P9Y38TFP3IZXLYOM0N64BGXY"	"A395K7STNVUWZQ"	"Approved"	"Sat Mar 16 09:34:50 PDT 2013"	"Fri Mar 15 16:52:05 PDT 2013"	"Fri Mar 15 16:54:50 PDT 2013"	"Sat Mar 16 09:39:51 PDT 2013"	""	""	""	""	"""hat"""	"3"	"""listener"""	"0.5"	"""The survey was about which friends Bob visited. Also, Bob preferred to visit friends that he liked."""	""""""	"""friend"""	"""right"""	"""TRUE"""	"""TRUE"""
"2UJX3V0FK0CO3VPEXRYPQK9NVL2GNW"	"2GDPFE4EGDHD5VBL4N0N5W6HEBW9J1"	"What is he talking about? (2-3 mins)"	"Short and fun! A 2-3 minute word game about what someone is talking about."	"experiment, psychology, game"	"$0.20"	"Wed Mar 13 20:23:04 PDT 2013"	"60"	"0"	"0"	"60"	"Reviewable"	"NotReviewed"	"1 scales"	"600"	"60000"	"Wed Mar 20 20:23:04 PDT 2013"	"https://requester.mturk.com/mturk/manageHIT?HITId=2UJX3V0FK0CO3VPEXRYPQK9NVL2GNW"	"25H9746OQ1SN9JDQ2CR57QKG0MD3NC"	"A1XUHAUVLF3QHC"	"Approved"	"Sat Mar 16 11:01:11 PDT 2013"	"Fri Mar 15 18:20:38 PDT 2013"	"Fri Mar 15 18:21:11 PDT 2013"	"Sat Mar 16 11:04:30 PDT 2013"	""	""	""	""	"""scarf"""	"3"	"""salience"""	"0.5"	"""snowman"""	""""""	"""snowman"""	"""right"""	"""TRUE"""	"""FALSE"""
"2UJX3V0FK0CO3VPEXRYPQK9NVL2GNW"	"2GDPFE4EGDHD5VBL4N0N5W6HEBW9J1"	"What is he talking about? (2-3 mins)"	"Short and fun! A 2-3 minute word game about what someone is talking about."	"experiment, psychology, game"	"$0.20"	"Wed Mar 13 20:23:04 PDT 2013"	"60"	"0"	"0"	"60"	"Reviewable"	"NotReviewed"	"1 scales"	"600"	"60000"	"Wed Mar 20 20:23:04 PDT 2013"	"https://requester.mturk.com/mturk/manageHIT?HITId=2UJX3V0FK0CO3VPEXRYPQK9NVL2GNW"	"2RHCGJ2D21O3FY3HWOGPYI2OB93C6B"	"A2CKNYM4Y87MYC"	"Approved"	"Sat Mar 16 11:16:13 PDT 2013"	"Fri Mar 15 18:35:04 PDT 2013"	"Fri Mar 15 18:36:13 PDT 2013"	"Sat Mar 16 11:19:35 PDT 2013"	""	""	""	""	"""cherry"""	"3"	"""listener"""	"0.5"	"""favorite sundae"""	"""I don't think the survey is working correctly embedded in my browser & mturk"""	"""sundae"""	"""left"""	"""TRUE"""	"""FALSE"""
"2UJX3V0FK0CO3VPEXRYPQK9NVL2GNW"	"2GDPFE4EGDHD5VBL4N0N5W6HEBW9J1"	"What is he talking about? (2-3 mins)"	"Short and fun! A 2-3 minute word game about what someone is talking about."	"experiment, psychology, game"	"$0.20"	"Wed Mar 13 20:23:04 PDT 2013"	"60"	"0"	"0"	"60"	"Reviewable"	"NotReviewed"	"1 scales"	"600"	"60000"	"Wed Mar 20 20:23:04 PDT 2013"	"https://requester.mturk.com/mturk/manageHIT?HITId=2UJX3V0FK0CO3VPEXRYPQK9NVL2GNW"	"2AJYNJ92NJKMJYHMFYLH4W2K6KY7CG"	"A1FC1EFUMKYV5B"	"Approved"	"Sat Mar 16 12:00:02 PDT 2013"	"Fri Mar 15 19:18:47 PDT 2013"	"Fri Mar 15 19:20:02 PDT 2013"	"Sat Mar 16 12:04:26 PDT 2013"	""	""	""	""	"""scarf"""	"3"	"""salience"""	"0.5"	"""Which snowman he liked to make the best"""	"""none."""	"""snowman"""	"""left"""	"""TRUE"""	"""FALSE"""
"2UJX3V0FK0CO3VPEXRYPQK9NVL2GNW"	"2GDPFE4EGDHD5VBL4N0N5W6HEBW9J1"	"What is he talking about? (2-3 mins)"	"Short and fun! A 2-3 minute word game about what someone is talking about."	"experiment, psychology, game"	"$0.20"	"Wed Mar 13 20:23:04 PDT 2013"	"60"	"0"	"0"	"60"	"Reviewable"	"NotReviewed"	"1 scales"	"600"	"60000"	"Wed Mar 20 20:23:04 PDT 2013"	"https://requester.mturk.com/mturk/manageHIT?HITId=2UJX3V0FK0CO3VPEXRYPQK9NVL2GNW"	"2O41PC6SK9RJRYUZE45HSAATZKSQ25"	"A114X6LKMH1G7R"	"Approved"	"Sat Mar 16 12:55:27 PDT 2013"	"Fri Mar 15 20:13:22 PDT 2013"	"Fri Mar 15 20:15:27 PDT 2013"	"Sat Mar 16 12:59:22 PDT 2013"	""	""	""	""	"""whipped cream"""	"3"	"""listener"""	"0.5"	"""bobs favorite sundaes"""	"""no"""	"""sundae"""	"""right"""	"""TRUE"""	"""TRUE"""
"2UJX3V0FK0CO3VPEXRYPQK9NVL2GNW"	"2GDPFE4EGDHD5VBL4N0N5W6HEBW9J1"	"What is he talking about? (2-3 mins)"	"Short and fun! A 2-3 minute word game about what someone is talking about."	"experiment, psychology, game"	"$0.20"	"Wed Mar 13 20:23:04 PDT 2013"	"60"	"0"	"0"	"60"	"Reviewable"	"NotReviewed"	"1 scales"	"600"	"60000"	"Wed Mar 20 20:23:04 PDT 2013"	"https://requester.mturk.com/mturk/manageHIT?HITId=2UJX3V0FK0CO3VPEXRYPQK9NVL2GNW"	"2WNHVKCJ011KL0AJ3EBQ261C00T79Z"	"A38TH9H0MJ6ON8"	"Approved"	"Sat Mar 16 13:57:48 PDT 2013"	"Fri Mar 15 21:15:53 PDT 2013"	"Fri Mar 15 21:17:48 PDT 2013"	"Sat Mar 16 13:59:22 PDT 2013"	""	""	""	""	"""scarf"""	"3"	"""salience"""	"0.5"	"""Snowman decorating preferences."""	""""""	"""snowman"""	"""right"""	"""TRUE"""	"""TRUE"""
"2UJX3V0FK0CO3VPEXRYPQK9NVL2GNW"	"2GDPFE4EGDHD5VBL4N0N5W6HEBW9J1"	"What is he talking about? (2-3 mins)"	"Short and fun! A 2-3 minute word game about what someone is talking about."	"experiment, psychology, game"	"$0.20"	"Wed Mar 13 20:23:04 PDT 2013"	"60"	"0"	"0"	"60"	"Reviewable"	"NotReviewed"	"1 scales"	"600"	"60000"	"Wed Mar 20 20:23:04 PDT 2013"	"https://requester.mturk.com/mturk/manageHIT?HITId=2UJX3V0FK0CO3VPEXRYPQK9NVL2GNW"	"2CWE6AUBXHWS00LL5EMB5WDVYTYY25"	"AUUSAR5B5MUIE"	"Approved"	"Sat Mar 16 14:13:21 PDT 2013"	"Fri Mar 15 21:32:20 PDT 2013"	"Fri Mar 15 21:33:21 PDT 2013"	"Sat Mar 16 14:14:27 PDT 2013"	""	""	""	""	"""glasses"""	"3"	"""listener"""	"0.5"	"""Determining what a person in the survey is talking and referencing about."""	"""Nope!"""	"""friend"""	"""middle"""	"""TRUE"""	"""FALSE"""
"2UJX3V0FK0CO3VPEXRYPQK9NVL2GNW"	"2GDPFE4EGDHD5VBL4N0N5W6HEBW9J1"	"What is he talking about? (2-3 mins)"	"Short and fun! A 2-3 minute word game about what someone is talking about."	"experiment, psychology, game"	"$0.20"	"Wed Mar 13 20:23:04 PDT 2013"	"60"	"0"	"0"	"60"	"Reviewable"	"NotReviewed"	"1 scales"	"600"	"60000"	"Wed Mar 20 20:23:04 PDT 2013"	"https://requester.mturk.com/mturk/manageHIT?HITId=2UJX3V0FK0CO3VPEXRYPQK9NVL2GNW"	"2FTY7QEOZFYQBUISPRFF3RDWHE6FI1"	"A1OV1QL7VNZSGR"	"Approved"	"Sat Mar 16 14:17:23 PDT 2013"	"Fri Mar 15 21:35:10 PDT 2013"	"Fri Mar 15 21:37:23 PDT 2013"	"Sat Mar 16 14:19:31 PDT 2013"	""	""	""	""	"""cherry"""	"3"	"""salience"""	"0.5"	"""Guessing what someone is talking about based on past conversation."""	""""""	"""sundae"""	"""right"""	"""TRUE"""	"""TRUE"""
"2UJX3V0FK0CO3VPEXRYPQK9NVL2GNW"	"2GDPFE4EGDHD5VBL4N0N5W6HEBW9J1"	"What is he talking about? (2-3 mins)"	"Short and fun! A 2-3 minute word game about what someone is talking about."	"experiment, psychology, game"	"$0.20"	"Wed Mar 13 20:23:04 PDT 2013"	"60"	"0"	"0"	"60"	"Reviewable"	"NotReviewed"	"1 scales"	"600"	"60000"	"Wed Mar 20 20:23:04 PDT 2013"	"https://requester.mturk.com/mturk/manageHIT?HITId=2UJX3V0FK0CO3VPEXRYPQK9NVL2GNW"	"2BNP9746OQ1S6JW7MBY0B1QOPJL2MK"	"A27IABVBUZ9X8Z"	"Approved"	"Sat Mar 16 14:17:35 PDT 2013"	"Fri Mar 15 21:35:11 PDT 2013"	"Fri Mar 15 21:37:35 PDT 2013"	"Sat Mar 16 14:19:31 PDT 2013"	""	""	""	""	"""scarf"""	"3"	"""salience"""	"0.5"	"""How to infer/guess what a person is saying when you cannot clearly hear or understand them."""	"""Great fun!"""	"""snowman"""	"""right"""	"""TRUE"""	"""FALSE"""
"2UJX3V0FK0CO3VPEXRYPQK9NVL2GNW"	"2GDPFE4EGDHD5VBL4N0N5W6HEBW9J1"	"What is he talking about? (2-3 mins)"	"Short and fun! A 2-3 minute word game about what someone is talking about."	"experiment, psychology, game"	"$0.20"	"Wed Mar 13 20:23:04 PDT 2013"	"60"	"0"	"0"	"60"	"Reviewable"	"NotReviewed"	"1 scales"	"600"	"60000"	"Wed Mar 20 20:23:04 PDT 2013"	"https://requester.mturk.com/mturk/manageHIT?HITId=2UJX3V0FK0CO3VPEXRYPQK9NVL2GNW"	"2XIQ7Q67051Q35TRX7KQI1XQTETXD7"	"A3G9MSZVWB7W42"	"Approved"	"Sat Mar 16 14:17:40 PDT 2013"	"Fri Mar 15 21:34:29 PDT 2013"	"Fri Mar 15 21:37:40 PDT 2013"	"Sat Mar 16 14:19:31 PDT 2013"	""	""	""	""	"""glasses"""	"3"	"""salience"""	"0.5"	"""figuring out who his best friend was based on his statement."""	""""""	"""friend"""	"""middle"""	"""TRUE"""	"""FALSE"""
"2UJX3V0FK0CO3VPEXRYPQK9NVL2GNW"	"2GDPFE4EGDHD5VBL4N0N5W6HEBW9J1"	"What is he talking about? (2-3 mins)"	"Short and fun! A 2-3 minute word game about what someone is talking about."	"experiment, psychology, game"	"$0.20"	"Wed Mar 13 20:23:04 PDT 2013"	"60"	"0"	"0"	"60"	"Reviewable"	"NotReviewed"	"1 scales"	"600"	"60000"	"Wed Mar 20 20:23:04 PDT 2013"	"https://requester.mturk.com/mturk/manageHIT?HITId=2UJX3V0FK0CO3VPEXRYPQK9NVL2GNW"	"29EAZHHRRLFQJHTNRW81QHODRCMENZ"	"A1NGAESCW92W4O"	"Approved"	"Sat Mar 16 14:17:43 PDT 2013"	"Fri Mar 15 21:35:51 PDT 2013"	"Fri Mar 15 21:37:43 PDT 2013"	"Sat Mar 16 14:19:31 PDT 2013"	""	""	""	""	"""hat"""	"3"	"""salience"""	"0.5"	"""bob's fvisiting friends"""	""""""	"""friend"""	"""left"""	"""TRUE"""	"""FALSE"""
"2UJX3V0FK0CO3VPEXRYPQK9NVL2GNW"	"2GDPFE4EGDHD5VBL4N0N5W6HEBW9J1"	"What is he talking about? (2-3 mins)"	"Short and fun! A 2-3 minute word game about what someone is talking about."	"experiment, psychology, game"	"$0.20"	"Wed Mar 13 20:23:04 PDT 2013"	"60"	"0"	"0"	"60"	"Reviewable"	"NotReviewed"	"1 scales"	"600"	"60000"	"Wed Mar 20 20:23:04 PDT 2013"	"https://requester.mturk.com/mturk/manageHIT?HITId=2UJX3V0FK0CO3VPEXRYPQK9NVL2GNW"	"26XXH0JPPSI23RKPHXG7BKLQJSENHO"	"A3QB0Z9AN62HFH"	"Approved"	"Sat Mar 16 14:18:47 PDT 2013"	"Fri Mar 15 21:37:34 PDT 2013"	"Fri Mar 15 21:38:47 PDT 2013"	"Sat Mar 16 14:19:32 PDT 2013"	""	""	""	""	"""whipped cream"""	"3"	"""listener"""	"0.5"	"""preferences"""	"""I enjoyed this study"""	"""sundae"""	"""middle"""	"""TRUE"""	"""TRUE"""
"2UJX3V0FK0CO3VPEXRYPQK9NVL2GNW"	"2GDPFE4EGDHD5VBL4N0N5W6HEBW9J1"	"What is he talking about? (2-3 mins)"	"Short and fun! A 2-3 minute word game about what someone is talking about."	"experiment, psychology, game"	"$0.20"	"Wed Mar 13 20:23:04 PDT 2013"	"60"	"0"	"0"	"60"	"Reviewable"	"NotReviewed"	"1 scales"	"600"	"60000"	"Wed Mar 20 20:23:04 PDT 2013"	"https://requester.mturk.com/mturk/manageHIT?HITId=2UJX3V0FK0CO3VPEXRYPQK9NVL2GNW"	"29NXX2Q45UUK9H4GJNN1TS8STWVASB"	"A9DJ4U0G0MAA3"	"Approved"	"Sat Mar 16 14:19:04 PDT 2013"	"Fri Mar 15 21:38:14 PDT 2013"	"Fri Mar 15 21:39:04 PDT 2013"	"Sat Mar 16 14:19:32 PDT 2013"	""	""	""	""	"""whipped cream"""	"3"	"""listener"""	"0.5"	"""Bob and his love of sundaes"""	""""""	"""sundae"""	"""left"""	"""TRUE"""	"""TRUE"""
"2UJX3V0FK0CO3VPEXRYPQK9NVL2GNW"	"2GDPFE4EGDHD5VBL4N0N5W6HEBW9J1"	"What is he talking about? (2-3 mins)"	"Short and fun! A 2-3 minute word game about what someone is talking about."	"experiment, psychology, game"	"$0.20"	"Wed Mar 13 20:23:04 PDT 2013"	"60"	"0"	"0"	"60"	"Reviewable"	"NotReviewed"	"1 scales"	"600"	"60000"	"Wed Mar 20 20:23:04 PDT 2013"	"https://requester.mturk.com/mturk/manageHIT?HITId=2UJX3V0FK0CO3VPEXRYPQK9NVL2GNW"	"291O9Z6KW4ZMTSNHNWCFW0OR0RME59"	"A3RU7ANMLXJQF6"	"Approved"	"Sat Mar 16 14:21:53 PDT 2013"	"Fri Mar 15 21:41:07 PDT 2013"	"Fri Mar 15 21:41:53 PDT 2013"	"Sat Mar 16 14:24:31 PDT 2013"	""	""	""	""	"""scarf"""	"3"	"""listener"""	"0.5"	"""seeing which snowman the boy prefers"""	"""thank you!"""	"""snowman"""	"""middle"""	"""TRUE"""	"""TRUE"""
"2UJX3V0FK0CO3VPEXRYPQK9NVL2GNW"	"2GDPFE4EGDHD5VBL4N0N5W6HEBW9J1"	"What is he talking about? (2-3 mins)"	"Short and fun! A 2-3 minute word game about what someone is talking about."	"experiment, psychology, game"	"$0.20"	"Wed Mar 13 20:23:04 PDT 2013"	"60"	"0"	"0"	"60"	"Reviewable"	"NotReviewed"	"1 scales"	"600"	"60000"	"Wed Mar 20 20:23:04 PDT 2013"	"https://requester.mturk.com/mturk/manageHIT?HITId=2UJX3V0FK0CO3VPEXRYPQK9NVL2GNW"	"2BLHV8ER9Y8T6DOMVXD5QFHWFKJ4R9"	"A3HTLXAPOBCVVO"	"Approved"	"Sat Mar 16 14:24:22 PDT 2013"	"Fri Mar 15 21:42:31 PDT 2013"	"Fri Mar 15 21:44:22 PDT 2013"	"Sat Mar 16 14:29:23 PDT 2013"	""	""	""	""	"""cherry"""	"3"	"""listener"""	"0.5"	"""Bob's favorite sundae, and how we use language."""	"""always fun."""	"""sundae"""	"""left"""	"""TRUE"""	"""TRUE"""
